ID,Name,NameKR,MinLevel,MaxLevel,BossID,Desc
1000,태초의성소,아사달,1,100,0,튜토리얼 및 게임 시작 지점. 성스러운 분위기의 평원
1001,Zone_1001,강화도 참성단,101,200,0,제사 및 전직을 위한 장소. 높은 고도의 산악 지형
1002,Zone_1002,고구려 졸본성,201,300,0,초기 방어 기지. 수직적 구조가 강조된 산성
1003,Zone_1003,국내성 평원,301,400,0,대규모 필드 전투 및 기마병 질주에 최적화된 평지
1004,Zone_1004,백제 부여 부소산성,401,500,0,강변을 끼고 있는 아름답지만 비극적인 공성전 맵
1005,Zone_1005,공주 무령왕릉 내부,501,600,0,던전형 맵. 미로 같은 구조와 고대 함정 존재
1006,Zone_1006,신라 경주 월성,601,700,0,정치적 중심지이자 평화로운 마을(Hub)형 맵
1007,Zone_1007,황룡사 9층 목탑,701,800,0,보스전 맵. 층별로 강력한 수호자들이 배치된 탑
1008,Zone_1008,가야 철기 제련소,801,900,0,제작 및 강화 특화 구역. 산업적인 느낌의 지형
1009,Entrance,동해 용궁,901,1000,0,수중 탐험의 입구. 산소 게이지 관리가 필요한 구역
1010,Zone_1010,지리산 은둔자의 계곡,1001,1100,0,도사들이 수련하는 비밀스러운 은신처 및 퀘스트 거점
1011,Zone_1011,조선 한양 육조거리,1101,1200,0,대규모 상점가와 NPC들이 밀집한 메인 수도 맵
1012,Zone_1012,경복궁 근정전,1201,1300,0,국왕 NPC와의 만남 및 대규모 이벤트 전용 공간
1013,비원,창덕궁 후원,1301,1400,0,은신술 수련이나 비밀 회담을 위한 정원 지형
1014,Zone_1014,남한산성 옹성,1401,1500,0,농성전 및 방어전 특화 맵. 겨울 기후 고정
1015,Zone_1015,수원 화성 방화수류정,1501,1600,0,아름다운 풍경 뒤에 매복이 숨어있는 전략적 지형
1016,Zone_1016,독도 수호 암초,1601,1700,0,해상 전투와 자원 채집(수산물)이 이루어지는 고립 지형
1017,Zone_1017,한라산 백록담,1701,1800,0,전설 등급 영물을 포획하거나 신성한 물을 얻는 장소
1018,Zone_1018,제주도 만장굴,1801,1900,0,미로형 던전. 지형이 좁고 천장이 높은 지하 공간
1019,Zone_1019,안동 하회마을,1901,2000,0,전통 민속 행사 및 서브 퀘스트가 많은 휴양형 마을
1020,망령의비무장지대,DMZ,2001,2100,0,이질적인 시공간이 뒤섞인 고난도 언데드 필드
1021,저승입구,명계,2101,2200,0,죽은 캐릭터가 부활하거나 영혼 상태로 탐험하는 맵
1022,Zone_1022,염라대왕의 심판소,2201,2300,0,최종 보스전 혹은 업보 시스템 정산 전용 맵
1023,Zone_1023,해인사 장경판전,2301,2400,0,지식 습득 및 스킬 해금에 특화된 도서관형 맵
1024,Zone_1024,벽란도 국제무역항,2401,2500,0,해외 아이템 거래 및 이국적 캐릭터들이 모이는 항구
1025,Zone_1025,평양 모란봉,2501,2600,0,전망이 좋아 정찰이나 원거리 사격 대결에 적합한 지형
1026,Zone_1026,울릉도 성인봉,2601,2700,0,희귀 약초와 요괴들이 서식하는 미개척 정글 지형
1027,Zone_1027,남해 금산 보리암,2701,2800,0,정신력 회복 속도가 빨라지는 신성 보너스 구역
1028,Zone_1028,단양 도담삼봉,2801,2900,0,수중 몬스터와 보트 전투가 중심이 되는 지형
1029,선바위,서울 인왕산,2901,3000,0,무당 NPC들과 저주 관련 퀘스트가 집중된 영험한 지형
1030,언덕,가야 고분군,3001,3100,0,무덤 위에서 벌어지는 기묘한 필드 전투 구역
1031,내부,거북선 격군실,3101,3200,0,함선 내부 방어전 및 엔진(태엽) 관리를 위한 맵
1032,가상,신라 첨성대 내부,3201,3300,0,별자리 마법 수련 및 기상 조작 장치가 있는 공간
1033,뒷골목,조선 저잣거리,3301,3400,0,자객들과 정보 상인들이 암약하는 위험 지대
1034,Zone_1034,삼국 통일의 전쟁터,3401,3500,0,끊임없이 망령들이 솟아나는 무한 디펜스 맵
1035,고개마루,성황당,3501,3600,0,지역 간 이동 시 저장(Save) 포인트 및 축복 제공
1036,이계,도깨비 마을,3601,3700,0,도깨비들과 내기를 하거나 보물을 얻는 기괴한 공간
1037,얼어붙은호수,백두산 천지,3701,3800,0,빙결 속성 몬스터와 대형 드래곤(용) 보스전 맵
1038,신비,진도 바닷길,3801,3900,0,특정 시간에만 열리는 기간 한정 비밀 이동 경로
1039,Zone_1039,고려 석조 미륵보살 입상,3901,4000,0,거대 동상 자체가 기믹이 되어 움직이는 보스전 지형
1040,飛車정류소,비거,4001,4100,0,공중 이동 수단을 타기 위한 고공 플랫폼 지형
1041,귀양지,무인도,4101,4200,0,서바이벌 모드 및 채집에 특화된 고립형 맵
1042,가상,용인의 민속촌,4201,4300,0,다양한 한국 민속 게임을 즐길 수 있는 미니게임 허브
1043,지하,강원도 탄광,4301,4400,0,광석 채굴 및 지하 괴물 소탕을 위한 복잡한 동굴
1044,늪지,낙동강 삼각주,4401,4500,0,이동 속도가 느려지며 매복 공격이 빈번한 지형
1045,성벽,서울 도성길,4501,4600,0,한양 전체를 둘러싸며 도시 방어 임무를 수행하는 맵
1046,Zone_1046,불국사 다보탑 광장,4601,4700,0,신성 속성 아군의 마나 회복을 돕는 정화 구역
1047,전옥서,조선식 감옥,4701,4800,0,탈출 퀘스트 및 죄수 NPC 구출 임무용 맵
1048,낙원,율도국,4801,4900,0,홍길동이 세운 이상국가. 최종 보상 및 엔딩 장소
1049,Zone_1049,아카이비스트의 무한 서고,4901,5000,0,지금까지의 모든 에셋 기록을 확인하는 메타 공간
1050,명칭,이름,5001,5100,0,비고(용도/특징)
1051,Zone_1051,대관령 설원 고개,5101,5200,0,겨울 기후. 이동 속도가 저하되며 저체온증 디버프 발생
1052,Zone_1052,소양강 안개 나루,5201,5300,0,시야가 극도로 제한됨. 소리에 의존해 이동해야 하는 맵
1053,Zone_1053,구미호의 천년 대나무 숲,5301,5400,0,"은신한 적이 많으며, 환각으로 인해 길을 잃기 쉬운 미로"
1054,Zone_1054,창귀의 얼어붙은 폭포,5401,5500,0,미끄러운 지형. 낙사 위험이 높고 빙결 속성 적 출현
1055,Zone_1055,두억시니의 진흙 수렁,5501,5600,0,이동 속도가 80% 감소. 늪 속에서 괴수의 기습 존재
1056,Zone_1056,버려진 성황당 고개,5601,5700,0,저주받은 장소. 밤이 되면 영체 몬스터들이 무한 스폰
1057,Zone_1057,망나니의 피 묻은 처형장,5701,5800,0,물리 공격력이 상승하지만 광기에 빠질 수 있는 전장
1058,Zone_1058,어둑시니의 끝없는 우물,5801,5900,0,지하 던전. 횃불 없이는 진행 불가한 공포 테마 구역
1059,Zone_1059,가야의 무쇠 산맥,5901,6000,0,금속 자원이 풍부하며 장비 내구도가 빨리 소모되는 지역
1060,내부,고구려 벽화 고분,6001,6100,0,퍼즐형 던전. 벽화의 그림이 실체화되어 공격함
1061,Zone_1061,백제 궁남지 연못,6101,6200,0,수중 전투와 지상 점프 액션이 결합된 아름다운 맵
1062,Zone_1062,발해의 북방 동토,6201,6300,0,최북단 지역. 강력한 북방 요괴들이 서식하는 고난도 필드
1063,Zone_1063,신라 골품의 황금 궁궐,6301,6400,0,화려한 인테리어 뒤에 정예 근위병들이 배치된 요새
1064,Zone_1064,부여의 하늘 제단,6401,6500,0,기상 마법의 위력이 강화되는 보스전 전용 탁 트인 지형
1065,소용돌이,한산도 앞바다,6501,6600,0,해상전 전용 맵. 소용돌이를 이용한 함선 조종 기믹
1066,울돌목,명량 해협,6601,6700,0,소리만으로도 위압감을 주는 고난도 해상 기동 구역
1067,암도,서해 해적의 섬,6701,6800,0,해적 NPC들의 본거지. 함정과 매복이 가득한 섬
1068,Zone_1068,제주 돌담 미로,6801,6900,0,지형이 실시간으로 변하는 미로형 마을 방어 맵
1069,Zone_1069,설악산 공룡능선,6901,7000,0,고공 액션 특화 지형. 비거(飛車)를 활용한 이동 권장
1070,Zone_1070,오대산 전나무 숲길,7001,7100,0,힐링 및 휴식 구역. 상태이상이 빠르게 정화되는 장소
1071,돌탑성지,삼성궁,7101,7200,0,기를 모으거나 고대 기술을 전수받는 신비로운 수행처
1072,Zone_1072,울릉도 나리분지,7201,7300,0,외부와 차단된 비밀 마을. 독특한 생태계의 몬스터 서식
1073,Zone_1073,강원도 버려진 탄광,7301,7400,0,가스 폭발 위험이 있는 긴장감 넘치는 지하 탐사 던전
1074,Zone_1074,낙동강 삼각주 갈대밭,7401,7500,0,은신해서 접근하는 적들을 파악하기 어려운 매복 지형
1075,Zone_1075,한양 도성 성벽길,7501,7600,0,도시 수호 미션이 자주 발생하는 야간 방어전 특화 맵
1076,Zone_1076,불국사 다보탑 광장,7601,7700,0,신성 마법의 효율이 극대화되는 정화의 성소
1077,전옥서,조선 감옥,7701,7800,0,잠입 및 탈출 미션 전용. 장비를 빼앗긴 채 시작하는 구역
1078,Zone_1078,율도국 비밀 정원,7801,7900,0,최종 티어 아이템 재료를 채집할 수 있는 환상적인 공간
1079,Zone_1079,무인도 귀양지,7901,8000,0,생존 서바이벌 모드 전용 맵. 자급자족이 핵심
1080,월궁,달나라,8001,8100,0,중력이 낮아 점프력이 상승하는 고난도 이계 지형
1081,Zone_1081,동굴 속 연금술사의 방,8101,8200,0,특수한 물약이나 폭발물을 제조할 수 있는 비밀 작업실
1082,Zone_1082,해인사 팔만대장경판전,8201,8300,0,지식(INT) 수치가 일시적으로 상승하는 기록의 성지
1083,소라관문,용궁 입구,8301,8400,0,수중 세계로 들어가기 전 호흡 버프를 받는 전초기지
1084,Zone_1084,화전민의 불타는 산,8401,8500,0,화염 속성 저항이 필요한 재난 테마의 필드
1085,Zone_1085,암행어사의 비밀 거처,8501,8600,0,어사 관련 퀘스트를 수령하고 정비를 하는 안전 가옥
1086,Zone_1086,선녀와 나무꾼의 연못,8601,8700,0,연꽃을 타고 이동하거나 비밀 상자를 찾는 이벤트 지형
1087,Zone_1087,도깨비의 씨름 마당,8701,8800,0,1:1 결투(PvP) 혹은 대장전이 벌어지는 원형 경기장
1088,Zone_1088,망령이 떠도는 비무장지대,8801,8900,0,과거와 현재의 영혼들이 뒤섞인 기묘한 전장 맵
1089,열리는바다,진도 바닷길,8901,9000,0,특정 시간에만 나타나는 지형. 신속한 통과가 관건
1090,Zone_1090,고려 석조 미륵 광장,9001,9100,0,거대 보스 몬스터와 싸우기 적합한 넓은 오픈 아레나
1091,飛車공중활주로,비거,9101,9200,0,공중 탈것을 이용해 다른 대륙으로 이동하는 허브
1092,Zone_1092,한강 나루터 상단,9201,9300,0,경제 활동과 상단 호위 임무가 시작되는 물류 거점
1093,Zone_1093,가야 고분 언덕,9301,9400,0,무덤 사이에서 귀신들과 싸우는 으스스한 평원 지형
1094,얼음창고,석빙고,9401,9500,0,냉기 마법 재료를 구하거나 보관하는 특수 지하 공간
1095,Zone_1095,평양 기방의 비밀 다락,9501,9600,0,은밀한 정보 수집이나 암살 미션이 벌어지는 실내 맵
1096,Zone_1096,남해 금산 보리암,9601,9700,0,기도가 이루어지면 무작위 버프를 주는 영험한 장소
1097,안개,단양 도담삼봉,9701,9800,0,보트를 타고 이동하며 수중 괴물을 사냥하는 맵
1098,Zone_1098,서울 인왕산 선바위,9801,9900,0,저주를 해제하거나 강력한 부적을 강화하는 무속 성지
1099,Zone_1099,삼국 통일의 고대 전장,9901,10000,0,언데드 군단이 몰려오는 디펜스 모드 최적화 맵
1100,Zone_1100,아카이비스트의 비밀 별채,10001,10100,0,"2,600개 에셋을 정리하며 휴식을 취하는 최종 안식처"
1101,얼음호수,백두산 천지,10101,10200,0,대형 용(Dragon) 보스가 잠들어 있는 최종장급 지형
1102,Zone_1102,수원 화성 성곽 내부,10201,10300,0,복합적인 방어 구조를 가진 전략적 공성전 맵
1103,Zone_1103,진주성 촉석루,10301,10400,0,적장을 끌어안고 투신하는 특수 기믹이 존재하는 맵
1104,폐허,거제도 포로수용소,10401,10500,0,탈출과 잠입이 주가 되는 현대적 감각의 폐허 던전
1105,Zone_1105,남해안 가두리 양식장,10501,10600,0,해상 위에서 균형을 잡으며 싸워야 하는 이색 지형
1106,Zone_1106,고구려 안시성,10601,10700,0,몰려오는 대군을 막아내는 대규모 수성전 맵
1107,흐르는물,신라 포석정,10701,10800,0,흐르는 물 위에 아이템을 띄워 전달하는 기믹 맵
1108,임시,고려 강화도 가궁,10801,10900,0,몽골군을 막아내기 위한 요새화된 섬 지형
1109,불타는,한양 육조거리,10901,11000,0,전쟁이나 반란 상황을 가정한 파괴된 도시 테마 맵
1110,Zone_1110,독도 지하 수정 동굴,11001,11100,0,해저로 연결된 비밀 통로이자 고대의 힘이 깃든 장소
1111,Zone_1111,울릉도 성인봉 원시림,11101,11200,0,쥬라기 시대를 방불케 하는 거대 몬스터 서식지
1112,Zone_1112,거문도 영국군 묘지,11201,11300,0,서양 귀신과 한국 귀신이 동시에 출현하는 기묘한 맵
1113,Zone_1113,남도 섬마을 염전,11301,11400,0,소금 결정에 적의 움직임이 노출되는 독특한 시각 맵
1114,Zone_1114,백제 정림사지 5층 석탑,11401,11500,0,기도를 통해 아군의 스킬 위력을 높이는 신성 지역
1115,Zone_1115,조선판 네크로맨서의 숲,11501,11600,0,짚인형 군단이 습격해오는 저주받은 숲 지형
1116,파괴된,한강 철교,11601,11700,0,점프 액션과 낙사 방지가 중요한 폐허 도시 지형
1117,야간,경주 대릉원,11701,11800,0,밤에만 열리는 비밀 던전 입구가 숨겨진 평원
1118,Zone_1118,해인사 독경 소리 계곡,11801,11900,0,마나(MP) 회복 속도가 비약적으로 상승하는 수행처
1119,Zone_1119,평양 평양성 외곽,11901,12000,0,공성 병기를 활용하여 성벽을 부수고 진입하는 전장
1120,Zone_1120,가야 철기 보물 창고,12001,12100,0,고가의 장비와 강화 재료가 대량으로 보관된 던전
1121,Zone_1121,조선 저잣거리 피맛골,12101,12200,0,암살자가 숨어들기 최적화된 복잡하고 어두운 도심
1122,Zone_1122,한라산 용암 수로,12201,12300,0,화염 속성 보스와의 최종 결전지. 발판 관리가 핵심
1123,Zone_1123,동해 무릉계곡,12301,12400,0,바위에 글자를 새겨 마법진을 활성화하는 기믹 지형
1124,Zone_1124,부여 낙화암 절벽,12401,12500,0,낙하 데미지 면역 아이템을 시험하거나 고공 전투 전용
1125,Zone_1125,묘령의 여우 고개,12501,12600,0,길을 갈 때마다 풍경이 변하며 반복되는 루프형 지형
1126,구름위,지리산 노고단,12601,12700,0,구름 위를 걷는 듯한 몽환적인 분위기의 고고도 지형
1127,Zone_1127,백제 금동관의 지하 묘실,12701,12800,0,고대의 수호자들이 깨어나 침입자를 막는 고난도 던전
1128,Zone_1128,고려 궁궐 만월대,12801,12900,0,밤에만 공격력이 상승하는 특정 직업군의 본거지
1129,Zone_1129,조선 암행어사 출두 전야,12901,13000,0,잠입 미션 전용 맵. 마패를 꺼내기 전까지 정체를 숨겨야 함
1130,Zone_1130,전설의 칠지도 제단,13001,13100,0,최강의 무기를 제련하거나 봉인을 해제하는 특수 장소
1131,Zone_1131,제주 산방산 해안동굴,13101,13200,0,눈물처럼 떨어지는 물방울을 모아 성수를 만드는 기믹
1132,Zone_1132,강원도 정선 아리랑 고개,13201,13300,0,음악(BGM)에 따라 적의 강도가 변하는 감성적 지형
1133,폐허,신라 황룡사지 터,13301,13400,0,과거의 영광과 현재의 쓸쓸함이 공존하는 정예 몬스터 맵
1134,Zone_1134,고구려 기마병 훈련소,13401,13500,0,말을 타고 장애물을 넘거나 타겟을 맞히는 미니게임 맵
1135,청령포,비운의 단종 유배지,13501,13600,0,탈출이 불가능한 고립 지형. 방어전과 생존이 핵심
1136,Zone_1136,조선 화포 제작소,13601,13700,0,폭발물 제조와 화기 숙련도를 높일 수 있는 기술 거점
1137,Zone_1137,신비의 가야금 제작 숲,13701,13800,0,나무를 두드려 소리를 내는 방식으로 길을 여는 퍼즐 지형
1138,Zone_1138,지옥 나장의 쇠사슬 방,13801,13900,0,적에게 끌려가 고문을 당하거나 탈출해야 하는 감옥 던전
1139,Zone_1139,선녀의 목욕 연못,13901,14000,0,체력과 마나를 동시에 최대치로 채워주는 온천형 지역
1140,Zone_1140,강화도 고인돌 광장,14001,14100,0,거대 보스가 돌을 던져 공격하는 개활지 전투 구역
1141,Zone_1141,묘령의 매분구 비밀 상점,14101,14200,0,밤에만 나타나는 상점 맵. 외형 변경과 특수 도구 판매
1142,Zone_1142,바람 부는 대나무 밭,14201,14300,0,바람의 소리로 적의 위치를 파악해야 하는 청각 특화 맵
1143,검은,타락한 고승의 사찰,14301,14400,0,불교 테마의 다크 판타지 던전. 강력한 주술 적들 출현
1144,Zone_1144,조선 수군의 거북선 도크,14401,14500,0,함선 업그레이드 및 해상전을 준비하는 군사 요새
1145,Zone_1145,지맥이 흐르는 풍수 명당,14501,14600,0,특정 위치에 서면 공격력이 3배로 증폭되는 전략 구역
1146,Zone_1146,삼두매의 벼랑 둥지,14601,14700,0,비행 몬스터들의 본거지. 수직 상승 기류를 이용한 전투
1147,火犬가사는태양의동굴,불개,14701,14800,0,일식이 일어나면 보스가 강해지는 시간 제한형 던전
1148,지하,역사 아카이비스트의 서고,14801,14900,0,리스트에서 삭제된 금기 에셋들이 보스로 등장하는 장소
1149,야간,조선 국왕의 비밀 정원,14901,15000,0,왕실의 비밀을 파헤치는 잠입 미션 전용 아름다운 맵
1150,Zone_1150,"2,700번째 기록의 관문",15001,15100,0,다음 에셋 리스트로 넘어가기 위한 시련의 장소
1151,Zone_1151,경복궁 사정전 지하 비밀실,15101,15200,0,국왕의 비밀 퀘스트를 수령하는 잠입 및 퍼즐 구역
1152,왕실주방,수라간,15201,15300,0,음식 아이템 제작 및 독극물 투입 저지 미션 장소
1153,황실도서관,집옥재,15301,15400,0,마법 스킬 해금 및 고대 언어 해독을 위한 지식 거점
1154,관청복도,궐내각사,15401,15500,0,관료 NPC들과의 정치적 상호작용 및 잠입 구역
1155,Zone_1155,삼청동 은밀한 다실,15501,15600,0,정보 상인들의 밀담 장소. 매혹 스탯 보너스 구역
1156,야간,피맛골 뒷골목,15601,15700,0,낮은 시야와 좁은 통로를 이용한 배후 습격 특화 지형
1157,Zone_1157,전옥서 지하 노역장,15701,15800,0,감옥 탈출 및 죄수 NPC 구출을 위한 하드코어 구역
1158,Zone_1158,성균관 대성전 마당,15801,15900,0,지능형 캐릭터들의 대결(말싸움/논쟁) 전용 필드
1159,망령의제단,종묘 정전,15901,16000,0,영체 상태의 국왕들과 대화하거나 시험을 치르는 공간
1160,야간,한양 도성 남대문,16001,16100,0,성문을 열기 위한 열쇠 탈취 및 대규모 수성전 맵
1161,Zone_1161,혜민서 약초 건조실,16101,16200,0,체력 회복 물약 제조 속도가 빨라지는 연금술 거점
1162,무기제작소,군기시,16201,16300,0,화기류 무기 업그레이드 및 신규 발명품 테스트장
1163,Zone_1163,만월대 비밀 통로,16301,16400,0,개성 만월대 지하에 숨겨진 보물 창고로 가는 미로
1164,Zone_1164,안압지 수중 연회장,16401,16500,0,수중 호흡 마법이 필요한 화려한 보스전 맵
1165,Zone_1165,무령왕릉 벽돌 묘실,16501,16600,0,도굴꾼을 막기 위한 고대 기계 함정이 가득한 던전
1166,Zone_1166,가야 철기 병기창,16601,16700,0,물리 방어구 전문 강화 장인이 상주하는 철의 방
1167,Zone_1167,부여 낙화암 아래 소용돌이,16701,16800,0,물속에 가라앉은 백제 보물을 찾는 수중 탐사 맵
1168,야경,동궁과 월지,16801,16900,0,적의 분신을 구별해내야 하는 환각 특화 전투 맵
1169,Zone_1169,조선식 미인도 속 세계,16901,17000,0,수묵화 스타일로 렌더링된 2D/3D 혼합 이계 공간
1170,Zone_1170,버려진 옹기 가마터,17001,17100,0,옹기 골렘이 생성되는 지형. 깨진 조각이 지형 피해 부여
1171,Zone_1171,나전칠기 보석함 내부,17101,17200,0,보석의 힘으로 크기가 작아져 탐험하는 초소형 던전
1172,한지건조실,종이 공방,17201,17300,0,종이 요괴들과 싸우는 맵. 화염 속성에 취약한 환경
1173,모래사장,화포 시험장,17301,17400,0,원거리 무기 데미지를 측정하고 연습하는 샌드박스 존
1174,Zone_1174,암행어사의 마패 제단,17401,17500,0,업적을 정산하고 '어사' 직급을 승급하는 성소
1175,Zone_1175,타락한 유학자의 서재,17501,17600,0,먹물이 살아움직여 플레이어를 구속하는 중보스 방
1176,Zone_1176,기괴한 탈춤 전시장,17601,17700,0,어떤 탈을 쓰느냐에 따라 플레이어의 스탯이 변하는 방
1177,간의대,조선판 천문대,17701,17800,0,별자리를 연결해 길을 여는 퍼즐형 옥상 지형
1178,Zone_1178,기생집 비밀 지하 방,17801,17900,0,매혹 계열 기술을 습득하거나 중요 NPC와 밀당하는 장소
1179,Zone_1179,포도청 취조실,17901,18000,0,진실을 말하게 하거나 고문을 견뎌야 하는 이벤트 맵
1180,Zone_1180,대장장이의 화염 지옥,18001,18100,0,극한의 열기 속에서 전설의 무기를 제련하는 보스룸
1181,麒麟의정원,기린,18101,18200,0,신수 기린이 머무는 곳. 닿기만 해도 모든 버프가 풀로 충전
1182,알현실,하백의 수중 궁전,18201,18300,0,수중 전투력 페널티가 없는 신비로운 물속 공간
1183,Zone_1183,선녀의 하늘 목욕탕,18301,18400,0,장비의 무게감이 사라져 점프력이 300% 상승하는 구역
1184,Zone_1184,도깨비의 보물 창고,18401,18500,0,일정 시간 내에 최대한 많은 보물을 챙겨야 하는 타임어택 룸
1185,Zone_1185,바리공주의 약수 샘터,18501,18600,0,죽은 캐릭터의 스탯 페널티를 완전히 씻어내는 성소
1186,Zone_1186,저승 차사의 명부 보관소,18601,18700,0,전 세계 플레이어들의 사망 기록이 벽면을 채운 메타 룸
1187,Zone_1187,심마니의 꿈속 산삼밭,18701,18800,0,현실에는 없는 전설의 '천종산삼'을 찾는 미니 게임 맵
1188,Zone_1188,거북선의 가시 갑판,18801,18900,0,적 함선의 선원들이 뛰어내리지 못하게 하는 방어 특화 지형
1189,산정상,신기전 발사대,18901,19000,0,원거리 공격 시 사거리가 2배로 증가하는 저격 특화 포인트
1190,자격루내부,조선식 시계,19001,19100,0,시간의 흐름을 조작하여 퍼즐을 푸는 기계적 던전
1191,Zone_1191,삼별초의 제주 항전 요새,19101,19200,0,파도 소리와 함께 몰려오는 적군을 막아내는 디펜스 맵
1192,야간,벽란도 시장,19201,19300,0,해외 상인들과 비밀 아이템을 거래하는 무역 특화 구역
1193,청룡의방,고구려 사신도 무덤,19301,19400,0,전격 속성 함정이 가득한 민첩성 테스트 던전
1194,백호의방,고구려 사신도 무덤,19401,19500,0,강한 돌풍이 불어 플레이어를 밀어내는 물리 저항 던전
1195,주작의방,고구려 사신도 무덤,19501,19600,0,화염 데미지가 상시로 들어오는 생존형 던전
1196,현무의방,고구려 사신도 무덤,19601,19700,0,이동 속도가 느려지고 적들이 방어력을 높이는 수비형 던전
1197,Zone_1197,조선 선비의 은거 암자,19701,19800,0,정신(Mental) 수치를 회복하거나 지혜 스탯을 얻는 휴식처
1198,士禍가휩쓴폐가,사화,19801,19900,0,과거의 비극적인 사건이 환영으로 재생되는 스토리텔링 던전
1199,Zone_1199,전우치의 족자 속 산수화,19901,20000,0,색상이 없는 세상. 먹물 농도에 따라 지형의 단단함이 변함
1200,Zone_1200,아카이비스트의 '미완성' 페이지,20001,20100,0,리스트의 중반을 넘어서며 나타나는 불안정한 데이터 공간
1201,GhostMarket,귀시장,20101,20200,0,밤에만 열리는 요괴들의 시장. 인간의 감정을 화폐로 사용
1202,가야산,신선의 바둑판,20201,20300,0,바둑돌을 움직여 지형을 바꾸며 싸우는 퍼즐 보스전 맵
1203,Zone_1203,이무기의 승천 동굴,20301,20400,0,이무기가 용이 되기 위해 수련하던 습하고 전기가 흐르는 맵
1204,Zone_1204,구미호의 9층 석탑,20401,20500,0,각 층마다 여우의 환각을 깨뜨려야 하는 탑형 던전
1205,Zone_1205,장산범의 하얀 계곡,20501,20600,0,소리를 내면 장산범에게 위치가 노출되는 스텔스 특화 맵
1206,Zone_1206,어둑시니의 거대 그림자,20601,20700,0,플레이어의 그림자가 몬스터가 되어 공격하는 기묘한 지형
1207,Zone_1207,두억시니의 뼈 산,20701,20800,0,물리적인 파괴가 주가 되는 험악한 보스 전장
1208,Zone_1208,불가사리의 무쇠 위장,20801,20900,0,불가사리에게 먹힌 뒤 탈출하는 생체 던전 컨셉
1209,Zone_1209,태양을 삼킨 불개의 굴,20901,21000,0,시야가 차단된 상태에서 불개의 위치를 소리로 찾아야 함
1210,Zone_1210,삼두매의 벼랑 위 둥지,21001,21100,0,수직 이동과 활강이 중요한 고난도 플랫폼 지형
1211,Zone_1211,월하노인의 붉은 실 방,21101,21200,0,실을 따라 이동하거나 끊어내며 길을 찾는 퍼즐 구역
1212,Zone_1212,지옥 1층: 발설 지옥,21201,21300,0,말을 조심해야 하는 기믹. 특정 스킬 사용 시 데미지 반사
1213,Zone_1213,지옥 2층: 한빙 지옥,21301,21400,0,이동 속도가 90% 감소하며 빙결 저항 아이템 필수 구역
1214,Zone_1214,지옥 3층: 화탕 지옥,21401,21500,0,화염 데미지와 증기 공격이 끊이지 않는 극한의 생존 구역
1215,Zone_1215,명부의 업경대 광장,21501,21600,0,지금까지 처치한 몬스터들의 망령이 한꺼번에 습격하는 곳
1216,Zone_1216,선계의 복숭아 숲,21601,21700,0,체력이 무한으로 재생되지만 공격을 할 수 없는 평화 구역
1217,Zone_1217,옥황상제의 근정전,21701,21800,0,최종 티어의 신성 기술을 습득하거나 신들에게 도전하는 맵
1218,飛車의공중항로,비거,21801,21900,0,공중 이동 수단을 타고 이동하며 벌이는 고공 추격전 맵
1219,Zone_1219,가야 가야금의 공명 동굴,21901,22000,0,특정 주파수의 음악을 연주해야만 문이 열리는 사운드 퍼즐
1220,Zone_1220,묘두사의 밤의 숲,22001,22100,0,밤에만 지형이 나타나고 낮에는 낭떠러지로 변하는 기믹
1221,Zone_1221,단군의 쑥과 마늘 굴,22101,22200,0,일정 시간 동안 가만히 버텨야 보상을 얻는 수행형 맵
1222,Zone_1222,환웅의 천부인 보관소,22201,22300,0,한국 신화의 근원적인 힘이 깃든 전설 등급 유물 안치소
1223,Zone_1223,마고할미의 거대 발자국,22301,22400,0,거인의 흔적 자체가 산맥과 호수가 된 광활한 오픈 필드
1224,Zone_1224,계수나무 아래 월궁,22401,22500,0,지구력이 천천히 소모되지만 마나 회복량이 폭증하는 장소
1225,Zone_1225,용궁의 진주 보관고,22501,22600,0,빛의 반사를 이용해 보이지 않는 길을 찾는 반사 퍼즐 맵
1226,Zone_1226,타락한 차사의 검은 배,22601,22700,0,저승 강 위에서 벌어지는 선상 전투 맵. 강물에 빠지면 즉사
1227,Zone_1227,신비로운 옹기마을,22701,22800,0,모든 NPC가 옹기 속에 사는 기묘하고 평화로운 마을
1228,Zone_1228,"바람의 신, 영등할망의 바다",22801,22900,0,바람의 방향에 따라 이동 속도가 결정되는 항해 맵
1229,Zone_1229,처용의 춤추는 광장,22901,23000,0,춤추는 적들 사이를 뚫고 지나가야 하는 타이밍 액션 맵
1230,하이웨이,천릿길,23001,23100,0,지역 간 고속 이동을 위한 전용 통로. 질주 보너스 부여
1231,Zone_1231,비운의 왕비의 한이 맺힌 연못,23101,23200,0,빙결 속성과 정신 공격이 동시에 들어오는 비극적 장소
1232,Zone_1232,장영실의 별 관측 지하수,23201,23300,0,수면의 각도를 조절해 별빛을 특정 위치로 쏘는 퍼즐
1233,침몰선,고려 상단의 보물 창고,23301,23400,0,산소 소모가 심하지만 고가의 고려청자를 얻는 파밍 맵
1234,Zone_1234,신라 화랑의 수련 폭포,23401,23500,0,폭포수를 맞으며 버티는 미니 게임과 스테미나 훈련장
1235,Zone_1235,조선식 닌자 '체탐인'의 은신처,23501,23600,0,적에게 들키지 않고 통과해야 하는 고난도 잠입 던전
1236,Zone_1236,심마니들의 비밀 캠프,23601,23700,0,산속 깊은 곳의 유일한 상점 및 세이브 포인트
1237,Zone_1237,타락한 유생들의 그림자 서원,23701,23800,0,유교 경전을 읊어 공격하는 적들이 상주하는 지능형 던전
1238,Zone_1238,백제 향로 속의 오악사 무대,23801,23900,0,음악의 비트에 맞춰 적의 공격을 회피해야 하는 리듬 전장
1239,겨울,조선 국왕의 비밀 정원,23901,24000,0,발자국 소리가 크게 들려 잠입이 어려운 겨울 정원
1240,Zone_1240,묘령의 약초꾼 소년의 오두막,24001,24100,0,희귀 약초를 비싼 값에 팔거나 특수한 비약을 만드는 거점
1241,Zone_1241,가야의 황금 알 제단,24101,24200,0,가야의 시조들을 소환하거나 축복을 받는 신성 구역
1242,산적기지,임꺽정의 산채,24201,24300,0,거대한 통나무 함정이 굴러오는 산악 돌파형 전장
1243,Zone_1243,홍길동의 활빈당 지하 기지,24301,24400,0,의적들의 본거지. 가난한 자에게 보물을 주면 명성이 상승
1244,심층부,석빙고 내부,24401,24500,0,보스 몬스터 '빙괴 요괴'가 잠들어 있는 극한의 냉기 방
1245,Zone_1245,평양 기방의 화려한 연회실,24501,24600,0,매혹 수치가 낮으면 입장할 수 없는 고품격 정보 수집처
1246,Zone_1246,지옥 4층: 검수 지옥,24601,24700,0,이동할 때마다 체력이 깎이는 칼날 숲. 방어력 무시 지형
1247,Zone_1247,지옥 5층: 발수 지옥,24701,24800,0,끊임없이 바위가 떨어지는 구간. 순발력 테스트 맵
1248,Zone_1248,지옥 6층: 독사 지옥,24801,24900,0,해독제가 없으면 수 초 내에 사망하는 치명적인 독 지형
1249,Zone_1249,역사의 파수꾼의 거대 시계탑,24901,25000,0,"2,750번째 에셋 완성을 앞두고 나타나는 시공간의 핵심"
1250,Zone_1250,아카이비스트의 '메모'의 숲,25001,25100,0,"지금까지 기록한 2,750개의 에셋들이 글자로 떠다니는 공간"
1251,명칭,이름,25101,25200,0,비고(용도/특징)
1252,연기나는구덩이,화포 주조소,25201,25300,0,화포 유닛 생산 및 원거리 무기 위력 강화 구역
1253,성벽외곽,거중기 공사장,25301,25400,0,성벽 수리 속도 증가 및 무거운 투사체 공격 가능 지형
1254,소방대본부,금화도감,25401,25500,0,화염 속성 공격 무효화 및 화재 진압 미션 허브
1255,인쇄공방,교서관,25501,25600,0,스킬북 복사 및 마법 주문서 대량 생산 가능 장소
1256,Zone_1256,내의원 약재 창고,25601,25700,0,고급 회복 아이템 보급 및 독 면역 버프 부여 구역
1257,Zone_1257,훈련도감 연무장,25701,25800,0,근접 캐릭터 스킬 숙련도 노가다 및 콤보 연습장
1258,Zone_1258,포도청 지하 취조실,25801,25900,0,정보 자백 유도 및 적 NPC 심문 시스템 전용 맵
1259,Zone_1259,운종가 비단 상점가,25901,26000,0,외형 변경(코스튬) 및 방어구 매력도 강화 구역
1260,Zone_1260,피맛골 주막 뒷길,26001,26100,0,양반 NPC들의 시야를 피해 이동하는 잠입 전용로
1261,Zone_1261,한양 서촌의 여염집,26101,26200,0,일상 퀘스트 및 민초 NPC들과의 유대 강화 거점
1262,兵舍,고구려 개마무사 병사,26201,26300,0,중갑 기병 유닛의 방어력 업그레이드 및 장비 정비
1263,Zone_1263,백제 미륵사지 목탑 내부,26301,26400,0,층마다 기믹을 풀며 올라가는 수직형 던전
1264,겨울,신라 포석정,26401,26500,0,얼음 위를 미끄러지며 적의 공격을 피하는 슬라이딩 맵
1265,Zone_1265,가야 가야금 오동나무 숲,26501,26600,0,나무를 타격해 발생하는 소리로 적을 기절시키는 기믹
1266,Zone_1266,발해 상경룡천부 광장,26601,26700,0,대규모 야외 전투 및 북방 연합군 집결지
1267,Zone_1267,고려 벽란도 아라비아 상단,26701,26800,0,전 세계 희귀 아이템이 모이는 하이엔드 거래소
1268,Zone_1268,조선판 천문학 '간의대',26801,26900,0,밤 시간대 마법 조준 보정 및 기상 예측 장치
1269,Zone_1269,동궁과 월지 수중 보물고,26901,27000,0,산소 게이지를 소모하며 보물을 인양하는 수중 던전
1270,냉동창고,석빙고 심층부,27001,27100,0,음식 아이템 유통기한 무제한 보관 및 냉기 마법 강화
1271,Zone_1271,남대문 시장 옹기전,27101,27200,0,항아리 속에 숨거나 던져서 깨뜨려 범위를 제어하는 맵
1272,가상/망령,서대문 형무소,27201,27300,0,원한 맺린 망령들이 출몰하는 하드코어 탈출 맵
1273,밤,한강 철교 폐허,27301,27400,0,낙사가 빈번하며 저격수들이 배치된 긴장감 높은 전장
1274,막장,강원도 탄광 갱도,27401,27500,0,가스 노출 시 화염 공격 금지(폭발 기믹) 지역
1275,Zone_1275,삼청동 소나무 갤러리,27501,27600,0,예술 아이템 수집 및 캐릭터 매력도(CHA) 상승 공간
1276,Zone_1276,덕수궁 석조전 회랑,27601,27700,0,서구식 장비와 전통 장비가 충돌하는 이색적인 맵
1277,도개교,영도대교,27701,27800,0,다리가 올라가는 동안 경로가 차단되는 시간 제한 맵
1278,Zone_1278,을지로 공구 뒷골목,27801,27900,0,기계류 몬스터의 부품을 수급하거나 수리하는 거점
1279,불턱,제주도 해녀 탈의장,27901,28000,0,해녀 NPC들의 휴식처 및 수중 작전 회의소
1280,Zone_1280,울릉도 도동항 절벽길,28001,28100,0,좁은 길에서의 전투와 해안 몬스터의 기습이 잦은 맵
1281,Zone_1281,독도 수호 대피소,28101,28200,0,해상 영토 방어전의 시작점이자 세이브 포인트
1282,Zone_1282,지리산 뱀사골 계곡,28201,28300,0,수중 이동 속도 증가 및 뱀 요괴 서식지
1283,Zone_1283,설악산 흔들바위 광장,28301,28400,0,바위를 밀어 아래쪽 적들에게 광역 물리 피해를 주는 기믹
1284,Zone_1284,무등산 주상절리대,28401,28500,0,고공 점프 액션과 낙사 유도가 핵심인 전략 지형
1285,Zone_1285,대관령 양떼 목장,28501,28600,0,평화로운 분위기 속에서 양으로 변신한 적을 찾아내는 맵
1286,Zone_1286,낙동강 삼각주 갯벌,28601,28700,0,발이 빠져 이동 속도가 감소하며 갯벌 속 적 출현
1287,Zone_1287,충주호 수중 마을,28701,28800,0,수중 탐험과 지상 전투가 반복되는 몽환적인 맵
1288,Zone_1288,담양 메타세쿼이아 길,28801,28900,0,일직선상에서의 고속 기동 및 돌격전 특화 맵
1289,계단식,보성 녹차 밭,28901,29000,0,고도 차를 이용한 원거리 사격 및 은신 전투 지형
1290,Zone_1290,진해 군항제 벚꽃길,29001,29100,0,시야를 가리는 꽃잎 속에서 암살자들을 찾아내는 맵
1291,Zone_1291,부안 채석강 해식동굴,29101,29200,0,만조 시 출구가 막히는 시간 제한형 탐험 던전
1292,Zone_1292,안동 도산서원 강당,29201,29300,0,지식 시험을 치르거나 마나 재생력을 높이는 명상 구역
1293,Zone_1293,영주 부석사 무량수전,29301,29400,0,가장 아름다운 전망과 함께 아군 방어력이 상승하는 성소
1294,Zone_1294,합천 해인사 수다라장,29401,29500,0,소음을 내면 강력한 파수꾼이 소환되는 정숙 구역
1295,Zone_1295,양산 통도사 금강계단,29501,29600,0,모든 저주와 상태이상이 해제되는 최상급 정화 지대
1296,Zone_1296,순천 선암사 승선교,29601,29700,0,다리 아래에서 벌어지는 기습 방어전 전용 맵
1297,Zone_1297,서울 인왕산 국사당,29701,29800,0,신내림 버프를 받거나 악령을 봉인하는 무속 특화 지형
1298,Zone_1298,지리산 천왕봉 운해,29801,29900,0,하늘 위를 걷는 듯한 공중 전투 및 최종 시련의 장소
1299,Zone_1299,한라산 백록담 설경,29901,30000,0,빙결 속성 몬스터들의 최종 본거지이자 희귀 꽃 채집지
1300,Zone_1300,독도 해저 화산 분화구,30001,30100,0,수중 화염 피해와 수압을 동시에 견뎌야 하는 극한 던전
1301,Zone_1301,아카이비스트의 주석 서고,30101,30200,0,지금까지의 모든 기록이 동상으로 세워진 중앙 홀
1302,달밤,도깨비의 씨름판,30201,30300,0,도깨비와 힘겨루기 미니게임 및 근접 대결 전용 맵
1303,Zone_1303,구미호의 공동묘지,30301,30400,0,시체들이 깨어나며 구미호의 환각이 시작되는 던전
1304,Zone_1304,이무기의 폭포 아래 굴,30401,30500,0,승천하지 못한 이무기의 분노가 서린 전격 속성 구역
1305,Zone_1305,장산범의 하얀 모피 계곡,30501,30600,0,목소리를 흉내 내는 함정과 장산범의 은신처
1306,Zone_1306,어둑시니의 심연의 방,30601,30700,0,쳐다볼수록 지형이 작아지는 착시 현상 기반의 맵
1307,Zone_1307,불가사리의 무쇠 위장 내부,30701,30800,0,먹힌 플레이어가 장비를 소모하며 탈출하는 생체 던전
1308,Zone_1308,삼두매의 벼랑 위 둥지,30801,30900,0,수직 상승 기류를 이용한 고공 전투 및 낙사 유도
1309,Zone_1309,묘두사의 밤의 정원,30901,31000,0,밤에만 꽃이 피며 시야를 공유하는 기괴한 정원
1310,Zone_1310,지옥 1층: 발설 지옥,31001,31100,0,거짓말(부정적 채팅/행동) 시 데미지를 입는 컨셉 맵
1311,Zone_1311,지옥 2층: 한빙 지옥,31101,31200,0,모든 움직임이 느려지고 체력이 지속 감소하는 극한 맵
1312,Zone_1312,지옥 3층: 화탕 지옥,31201,31300,0,뜨거운 기름이 튀며 발판이 실시간으로 녹는 맵
1313,Zone_1313,명부의 업경대 광장,31301,31400,0,자신의 클론(과거의 나)과 싸워야 하는 시련의 장
1314,천년연못,선녀의 목욕탕,31401,31500,0,장비를 도둑맞지 않도록 지키며 버프를 받는 장소
1315,Zone_1315,월하노인의 붉은 실 미로,31501,31600,0,실을 따라가며 올바른 파트너 NPC를 찾는 퍼즐 맵
1316,Zone_1316,계수나무 아래 월궁,31601,31700,0,중력이 낮아 점프력은 높지만 행동 제어가 어려운 지형
1317,Zone_1317,환웅의 신단수 아래,31701,31800,0,세계관의 근원적인 힘을 회복하는 궁극의 휴식처
1318,Zone_1318,마고할미의 손바닥 바위,31801,31900,0,지형 자체가 거신(Giant)의 일부인 광활한 오픈 필드
1319,Zone_1319,용궁의 진주 감옥,31901,32000,0,진주 속에 갇힌 아군을 구출하는 수중 퍼즐 던전
1320,Zone_1320,타락한 차사의 검은 배,32001,32100,0,끊임없이 영혼들이 기어 올라오는 선상 방어전 맵
1321,Zone_1321,신비로운 옹기마을,32101,32200,0,모든 NPC가 항아리 속에서 생활하는 기묘한 정착지
1322,Zone_1322,바람의 신 '영등할망'의 길,32201,32300,0,바람의 방향에 맞춰 돛을 조절해야 하는 항해 맵
1323,Zone_1323,처용의 춤추는 연회장,32301,32400,0,음악의 리듬에 맞춰 발판을 밟아야 하는 리듬 전장
1324,Zone_1324,비운의 왕비의 한 맺힌 연못,32401,32500,0,물속에서 원혼들이 다리를 잡아끄는 공포 테마 맵
1325,Zone_1325,장영실의 별 관측 지하수,32501,32600,0,빛을 반사시켜 특정 별자리를 완성하는 퍼즐 지형
1326,Zone_1326,고려 상단의 침몰선 내부,32601,32700,0,기울어진 선체와 쏟아지는 화물 사이에서 버티는 맵
1327,Zone_1327,신라 화랑의 수련 폭포,32701,32800,0,폭포수 아래에서 명상을 통해 마나 최대치를 늘리는 곳
1328,Zone_1328,체탐인의 비밀 연락소,32801,32900,0,아군끼리만 아는 암호를 풀어야 진입 가능한 안전 가옥
1329,Zone_1329,타락한 유생의 그림자 서원,32901,33000,0,글자가 탄환이 되어 날아오는 지능형 전투 지형
1330,Zone_1330,백제 오악사의 공연 무대,33001,33100,0,소리 파동이 물리적인 힘을 발휘하는 플랫폼 지형
1331,향원정,겨울 경복궁 후원,33101,33200,0,발자국이 남지 않도록 얼음 위를 걷는 잠입 특화 맵
1332,Zone_1332,가야의 황금 알 제단,33201,33300,0,시조 강림 의식을 통해 강력한 소환수를 얻는 성지
1333,Zone_1333,임꺽정의 구월산 산채,33301,33400,0,거대한 바위가 굴러오는 산악 돌파형 전장
1334,Zone_1334,홍길동의 활빈당 지하 기지,33401,33500,0,의적들의 본거지이자 빈민 구제 퀘스트 허브
1335,Zone_1335,조선 화포 제작소 내부,33501,33600,0,폭발 위험이 상시 존재하는 고난도 제작/전투 구역
1336,Zone_1336,신비의 가야금 제작 숲,33601,33700,0,나무를 두드려 올바른 음계를 연주해야 길을 여는 숲
1337,Zone_1337,지옥 나장의 쇠사슬 방,33701,33800,0,적에게 포박당한 아군을 구출해야 하는 감옥 던전
1338,심야,선녀의 목욕 연못,33801,33900,0,밤에만 나타나는 희귀 영물을 낚을 수 있는 낚시터
1339,대결,강화도 고인돌 광장,33901,34000,0,거대 보스 몬스터가 돌을 던져 공격하는 개활지
1340,Zone_1340,묘령의 매분구 비밀 상점,34001,34100,0,밤에만 입장 가능하며 외형과 성별을 바꾸는 특수 맵
1341,Zone_1341,바람 부는 대나무 밭,34101,34200,0,바람의 소리에 따라 적의 위치를 찾는 사운드 특화 맵
1342,Zone_1342,타락한 고승의 검은 사찰,34201,34300,0,다크 판타지 스타일의 불교 테마 최종 던전
1343,Zone_1343,수군의 거북선 도크,34301,34400,0,거대 함선을 직접 수리하거나 개조하는 군사 기지
1344,Zone_1344,풍수 명당의 용맥 분출구,34401,34500,0,특정 시간마다 버프가 솟아나오거나 폭발하는 전략 포인트
1345,Zone_1345,삼두매의 벼랑 위 둥지,34501,34600,0,비행 몬스터들의 본거지이자 추락 주의 구역
1346,Zone_1346,불개가 사는 태양의 동굴,34601,34700,0,일식이 일어나면 보스가 약화되는 시간제 던전
1347,Zone_1347,아카이비스트의 지하 서고,34701,34800,0,리스트에서 삭제된 금기 아이템들이 보스로 등장하는 곳
1348,겨울,왕실 비밀 정원,34801,34900,0,눈 위에 남는 발자국을 지우며 이동해야 하는 잠입 맵
1349,Zone_1349,묘령의 약초 소년 오두막,34901,35000,0,희귀 재료를 비싸게 팔거나 특수 비약을 만드는 거점
1350,Zone_1350,지옥 4층: 검수 지옥,35001,35100,0,걸을 때마다 체력이 깎이는 칼날 숲의 생존형 맵
1351,Zone_1351,아카이비스트의 '메모' 숲,35101,35200,0,지금까지 기록된 에셋들이 글자가 되어 떠다니는 공간
